,행정동,기초생활수급자인원,노년부양비,독거노인수,고령자수
0,회기동,364,13.8,99.0,1552
1,휘경1동,386,16.6,128.0,2164
2,휘경2동,703,22.1,215.0,4106
3,청량리동,1741,43.8,915.0,5443
4,용신동,1680,22.3,761.0,6103
5,제기동,1577,30.6,772.0,5830
6,전농1동,1837,27.8,807.0,5795
7,전농2동,805,29.5,330.0,3807
8,답십리2동,1313,24.0,566.0,5774
9,장안1동,1620,23.4,481.0,6780
10,장안2동,1366,19.0,370.0,5419
11,이문1동,743,29.2,277.0,3218
12,이문2동,1009,20.0,401.0,4110
13,답십리1동,866,29.3,326.0,4154
14,면목2동,1715,27.1,550.0,4777
15,면목4동,1807,29.5,557.0,3914
16,면목5동,813,22.3,194.0,2375
17,면목7동,1137,28.5,377.0,4456
18,상봉1동,1714,23.2,463.0,3991
19,상봉2동,1103,18.7,328.0,3075
20,중화1동,1105,27.7,305.0,3830
21,중화2동,2511,28.3,788.0,5153
22,묵1동,1265,24.7,365.0,6140
23,묵2동,1100,27.9,350.0,3752
24,망우3동,1921,29.9,552.0,3503
25,신내1동,2097,27.2,570.0,7200
26,신내2동,1440,30.7,521.0,4295
27,면목본동,2540,25.0,835.0,6341
28,면목3.8동,1970,28.9,600.0,5164
29,망우본동,2343,26.7,893.0,6824
30,돈암1동,621,29.1,384.0,2988
31,돈암2동,372,21.6,214.0,3646
32,안암동,482,14.7,197.0,2105
33,보문동,486,20.5,219.0,2578
34,정릉1동,423,24.9,215.0,3208
35,정릉2동,758,28.4,303.0,4608
36,정릉3동,755,27.5,391.0,3385
37,정릉4동,850,28.3,393.0,4988
38,길음1동,592,19.8,371.0,4809
39,길음2동,516,20.0,310.0,3108
40,월곡1동,1018,26.9,481.0,4915
41,월곡2동,748,25.8,370.0,3721
42,장위1동,2013,24.2,591.0,4201
43,장위2동,1076,32.9,429.0,3138
44,장위3동,593,19.2,215.0,2192
45,성북동,416,24.6,181.0,3061
46,삼선동,865,23.2,390.0,4016
47,동선동,458,17.1,207.0,2178
48,종암동,1401,24.0,632.0,6975
49,석관동,1886,29.9,723.0,7473
50,번1동,1223,27.7,415.0,3801
51,번2동,1886,39.8,644.0,4122
52,번3동,2857,46.2,945.0,4784
53,수유1동,1536,31.5,525.0,4572
54,수유2동,1372,35.5,473.0,5120
55,수유3동,1718,26.9,537.0,4794
56,삼양동,1735,30.9,611.0,5015
57,미아동,1280,29.2,521.0,4607
58,송중동,1503,29.1,550.0,6192
59,송천동,1887,34.4,744.0,6255
60,삼각산동,1319,21.6,564.0,4703
61,우이동,1220,36.1,399.0,4987
62,인수동,2118,35.4,686.0,7218
63,쌍문1동,1275,31.4,398.0,4719
64,쌍문2동,1060,31.0,378.0,4020
65,쌍문3동,939,29.1,317.0,3542
66,쌍문4동,360,24.9,111.0,3276
67,방학1동,1868,31.0,599.0,6174
68,방학2동,2454,34.4,720.0,4595
69,방학3동,408,29.6,135.0,5386
70,창1동,613,28.0,235.0,4865
71,창2동,1291,26.2,358.0,5494
72,창3동,1153,32.0,343.0,3039
73,창4동,351,23.7,140.0,4501
74,창5동,627,26.2,196.0,4620
75,도봉1동,1603,44.0,641.0,5925
76,도봉2동,1079,38.9,539.0,6786
77,월계1동,892,27.4,294.0,4277
78,월계2동,3136,34.2,1113.0,6042
79,월계3동,2079,31.7,751.0,6371
80,공릉2동,965,18.8,337.0,5922
81,하계1동,2904,23.2,1039.0,4691
82,하계2동,1241,21.7,361.0,3404
83,중계본동,616,14.9,151.0,2617
84,중계1동,787,13.0,215.0,2556
85,중계4동,1832,30.4,726.0,4131
86,상계1동,1908,28.2,595.0,7552
87,상계2동,1038,24.1,317.0,3524
88,상계5동,2059,31.2,551.0,5241
89,상계8동,353,18.8,60.0,3053
90,상계9동,528,25.5,136.0,3675
91,상계10동,437,21.4,86.0,2922
92,상계3.4동,2610,36.1,1001.0,6169
93,상계6.7동,1077,22.5,198.0,5270
94,중계2.3동,4920,33.4,1494.0,7662
95,공릉1동,2447,25.0,832.0,6867
96,녹번동,1749,28.0,640.0,7294
97,불광1동,1849,29.4,721.0,7964
98,갈현1동,1799,28.5,395.0,3549
99,갈현2동,1456,25.1,390.0,5192
100,구산동,1536,27.8,462.0,6372
101,대조동,1595,26.0,531.0,5178
102,응암1동,1155,22.4,347.0,5394
103,응암2동,1081,21.4,381.0,4138
104,신사1동,1099,26.7,301.0,5210
105,신사2동,1119,28.4,294.0,3957
106,증산동,680,27.0,184.0,3575
107,수색동,574,25.0,250.0,2373
108,진관동,1592,22.1,483.0,8631
109,불광2동,2234,31.3,769.0,6119
110,응암3동,1914,33.7,655.0,5749
111,역촌동,2368,26.9,749.0,8727
112,천연동,754,27.2,378.0,3266
113,홍제1동,787,27.7,285.0,4807
114,홍제3동,752,31.7,293.0,3934
115,홍제2동,599,29.5,260.0,2798
116,홍은1동,779,29.4,321.0,4703
117,홍은2동,1229,26.8,309.0,5308
118,남가좌1동,287,20.2,123.0,2276
119,남가좌2동,1330,22.8,448.0,4965
120,북가좌1동,544,24.8,164.0,3097
121,북가좌2동,1521,29.1,486.0,6502
122,충현동,718,23.1,279.0,3468
123,북아현동,595,20.1,209.0,2318
124,신촌동,534,9.3,115.0,2114
125,연희동,929,21.6,294.0,5946
126,용강동,431,19.6,230.0,3025
127,대흥동,483,15.1,171.0,1976
128,염리동,405,15.7,212.0,2072
129,신수동,410,20.1,178.0,3371
130,서교동,418,15.0,122.0,3299
131,합정동,566,20.2,147.0,2675
132,망원1동,722,22.8,266.0,3391
133,망원2동,529,23.7,185.0,3215
134,연남동,271,19.5,138.0,2299
135,성산1동,584,20.8,248.0,3018
136,성산2동,2194,21.7,796.0,6411
137,상암동,1219,19.1,346.0,4255
138,도화동,503,25.1,121.0,3795
139,서강동,346,16.8,153.0,3307
140,공덕동,1151,21.5,497.0,6057
141,아현동,524,17.8,201.0,3367
142,목1동,345,16.1,161.0,3495
143,목2동,1119,19.4,300.0,4400
144,목3동,1094,21.9,289.0,3591
145,목4동,997,17.8,265.0,3397
146,신월1동,1804,30.7,606.0,4443
147,신월2동,785,28.7,264.0,4102
148,신월3동,1516,29.1,489.0,3084
149,신월4동,414,28.6,150.0,3487
150,신월5동,767,25.1,230.0,2614
151,신월6동,268,20.8,96.0,2029
152,신월7동,1072,33.3,388.0,4447
153,신정1동,263,20.3,97.0,2840
154,신정2동,711,19.9,311.0,2728
155,신정3동,2380,22.3,634.0,8081
156,신정6동,77,17.5,19.0,3041
157,신정7동,1781,26.5,760.0,5283
158,목5동,49,17.3,18.0,5033
159,신정4동,1758,25.1,555.0,6140
160,염창동,233,15.0,88.0,4650
161,등촌1동,309,15.2,88.0,3048
162,등촌2동,432,22.7,125.0,3350
163,등촌3동,5507,34.2,1970.0,7059
164,화곡본동,1904,19.8,481.0,5149
165,화곡2동,935,23.3,274.0,3047
166,화곡3동,677,27.7,205.0,4280
167,화곡4동,1228,27.3,365.0,4034
168,화곡6동,1019,21.4,333.0,4147
169,화곡8동,1145,25.4,319.0,4553
170,가양1동,307,11.5,80.0,3292
171,가양2동,3330,49.6,1457.0,4394
172,가양3동,2312,38.9,926.0,3860
173,발산1동,1546,19.8,366.0,5132
174,공항동,1771,20.1,418.0,4398
175,방화1동,1210,23.4,386.0,7037
176,방화2동,1698,30.4,724.0,5021
177,방화3동,2276,36.5,978.0,5531
178,화곡1동,1971,21.5,640.0,8695
179,우장산동,694,20.2,210.0,6203
180,신도림동,188,19.2,83.0,4984
181,구로1동,100,18.6,45.0,2857
182,구로3동,492,18.6,176.0,3548
183,구로4동,957,28.8,457.0,4597
184,구로5동,496,20.7,255.0,4854
185,고척1동,667,24.5,216.0,4551
186,고척2동,1176,30.0,439.0,5526
187,개봉2동,811,32.4,318.0,6774
188,개봉3동,658,31.5,240.0,4445
189,오류1동,1099,24.1,449.0,4158
190,수궁동,931,21.8,310.0,4703
191,가리봉동,643,27.6,300.0,1954
192,구로2동,1128,27.7,515.0,5713
193,개봉1동,1645,28.2,486.0,6669
194,오류2동,1774,28.7,491.0,7373
195,항동,598,15.9,89.0,1785
196,가산동,801,12.4,289.0,2726
197,독산1동,1765,16.8,602.0,6124
198,독산2동,1329,25.3,461.0,3615
199,독산3동,1102,23.6,455.0,4678
200,독산4동,919,25.2,294.0,3016
201,시흥1동,1627,26.2,686.0,6443
202,시흥2동,1295,30.1,531.0,4291
203,시흥3동,414,33.2,166.0,2464
204,시흥4동,1275,30.1,486.0,4365
205,시흥5동,1768,34.1,681.0,4504
206,여의동,135,28.4,47.0,6341
207,당산1동,569,22.2,230.0,3479
208,당산2동,294,17.0,100.0,4830
209,양평1동,314,16.8,125.0,2416
210,양평2동,278,14.8,112.0,2625
211,신길1동,953,23.1,398.0,3511
212,신길3동,811,26.9,293.0,3236
213,신길4동,707,26.7,325.0,2416
214,신길5동,577,26.9,232.0,2060
215,신길6동,529,24.1,232.0,3429
216,신길7동,289,18.6,118.0,2657
217,대림1동,636,27.9,276.0,3168
218,대림2동,517,24.0,256.0,2846
219,대림3동,909,25.7,336.0,4600
220,영등포본동,1020,26.7,451.0,4257
221,영등포동,1635,13.6,620.0,3395
222,도림동,802,22.9,364.0,3260
223,문래동,276,21.0,129.0,4823
224,노량진2동,884,26.4,333.0,2221
225,상도1동,1231,21.1,510.0,7352
226,상도2동,522,21.8,188.0,4390
227,상도3동,1141,25.4,339.0,4607
228,상도4동,1386,25.6,444.0,5339
229,사당1동,784,21.5,266.0,3874
230,사당3동,585,27.7,177.0,4656
231,사당4동,563,26.4,203.0,2770
232,사당5동,377,23.1,141.0,2443
233,대방동,1519,21.0,516.0,5805
234,신대방1동,597,22.2,251.0,3947
235,신대방2동,589,20.9,186.0,3456
236,흑석동,863,23.6,272.0,5254
237,노량진1동,1213,25.2,467.0,5949
238,사당2동,589,28.7,276.0,5809
239,보라매동,1158,25.4,376.0,4635
240,청림동,620,27.0,258.0,2834
241,행운동,1040,19.2,421.0,4515
242,낙성대동,444,13.6,137.0,2025
243,중앙동,608,18.9,233.0,2393
244,인헌동,761,20.3,253.0,4131
245,남현동,365,21.0,154.0,2939
246,서원동,918,17.7,256.0,3377
247,신원동,1123,23.1,383.0,3303
248,서림동,1200,18.8,268.0,3676
249,신사동,1249,18.7,379.0,3570
250,신림동,846,9.3,213.0,1970
251,난향동,654,27.1,240.0,2840
252,조원동,724,19.2,258.0,3036
253,대학동,1353,14.5,250.0,3178
254,은천동,1638,25.5,624.0,6075
255,성현동,1570,27.4,663.0,5538
256,청룡동,1166,15.5,456.0,4679
257,난곡동,2148,29.1,666.0,5582
258,삼성동,1612,39.5,691.0,5498
259,미성동,1352,27.5,415.0,6054
260,강일동,2240,25.8,662.0,5779
261,명일1동,375,23.5,147.0,4262
262,명일2동,179,22.6,60.0,2790
263,고덕1동,309,18.4,149.0,3012
264,고덕2동,588,20.0,218.0,3161
265,암사2동,170,23.5,55.0,2521
266,암사3동,133,23.7,60.0,2817
267,천호1동,1659,28.4,579.0,5442
268,천호3동,1402,24.0,561.0,4806
269,성내1동,331,22.0,85.0,3191
270,성내2동,930,25.4,387.0,4447
271,성내3동,706,23.8,217.0,4091
272,둔촌1동,1,19.0,1.0,11
273,둔촌2동,536,24.1,200.0,4244
274,암사1동,1922,25.3,619.0,6290
275,천호2동,2002,24.3,713.0,6109
276,길동,1637,25.4,513.0,8474
277,상일1동,396,18.0,132.0,4835
278,상일2동,689,23.3,251.0,1909
